id,phenotype.value
100,5.2235716690775
18,0.98701120885089
4,2.76534092295915
55,3.62216965914704
63,7.83475489737466
64,4.53125340174884
91,1.00096579180099
L,0.419817649759352
